Gene,Achilles_common_essential (1912),Hart et al. [2017] core (684),Behan et al. [2019] pan-cancer (553),Hart et al. [2015] core (1580),A priori CEG set
AAMP,1,0,1,1,3
AARS1,1,0,0,0,1
AARS2,1,0,0,1,2
AATF,1,0,0,1,2
ABCB7,1,0,1,1,3
ABCE1,1,1,1,0,3
ABCF1,1,1,0,1,3
ABHD17A,1,0,0,0,1
ABT1,1,0,0,1,2
ACIN1,1,0,0,0,1
ACLY,1,0,0,1,2
ACO2,1,0,0,1,2
ACTB,1,1,0,0,2
ACTG1,1,0,0,0,1
ACTL6A,1,1,0,1,3
ACTR10,1,1,1,1,4
ACTR1A,1,0,0,1,2
ACTR2,1,1,1,0,3
ACTR6,1,0,0,1,2
ACTR8,1,0,0,1,2
ADAT3,1,0,0,1,2
ADSL,1,1,0,1,3
ADSS2,1,0,0,0,1
AFG3L2,1,0,1,1,3
AGAP6,1,0,0,0,1
AHCTF1,1,0,0,0,1
AHCY,1,1,0,1,3
AK4,1,0,0,0,1
AK6,1,0,0,0,1
AKIRIN2,1,0,0,1,2
AKR1B15,1,0,0,0,1
AKTIP,1,0,0,0,1
ALDOA,1,0,0,1,2
ALG1,1,1,0,1,3
ALG11,1,0,1,1,3
ALG13,1,0,0,1,2
ALG14,1,1,0,1,3
ALG1L,1,0,1,0,2
ALG2,1,1,0,1,3
ALYREF,1,0,1,1,3
AMD1,1,0,0,0,1
ANAPC1,1,0,1,0,2
ANAPC10,1,0,0,1,2
ANAPC11,1,0,0,1,2
ANAPC13,1,0,0,0,1
ANAPC15,1,0,0,1,2
ANAPC2,1,1,1,1,4
ANAPC4,1,1,1,1,4
ANAPC5,1,1,1,1,4
ANKLE2,1,0,1,1,3
ANKRD65,1,0,0,0,1
ANLN,1,0,0,0,1
AP2M1,1,0,0,0,1
AP2S1,1,0,0,0,1
AQP7,1,0,0,0,1
AQR,1,1,1,1,4
ARCN1,1,1,1,1,4
ARF4,1,0,0,0,1
ARFRP1,1,0,0,1,2
ARGFX,1,0,0,0,1
ARGLU1,1,0,0,1,2
ARHGAP27,1,0,0,0,1
ARIH1,1,1,0,1,3
ARL2,1,1,1,1,4
ARMC7,1,0,0,1,2
ARPC2,1,0,0,0,1
ARPC3,1,0,0,0,1
ARPC4,1,0,0,1,2
ARPP19,1,0,0,0,1
ARTN,1,0,0,0,1
ASCC3,1,0,0,1,2
ATF4,1,0,0,0,1
ATL2,1,0,0,1,2
ATP1A1,1,0,0,1,2
ATP23,1,0,0,0,1
ATP2A2,1,1,1,1,4
ATP5F1A,1,0,0,0,1
ATP5F1B,1,0,0,0,1
ATP5F1C,1,0,0,0,1
ATP5F1D,1,0,0,0,1
ATP5MC1,1,0,0,0,1
ATP5MC2,1,0,0,0,1
ATP5MF,1,0,0,0,1
ATP5MG,1,0,0,0,1
ATP5MGL,1,0,0,0,1
ATP5PB,1,0,0,0,1
ATP5PD,1,0,0,0,1
ATP5PF,1,0,0,0,1
ATP5PO,1,0,0,0,1
ATP6AP1,1,0,0,0,1
ATP6AP2,1,0,0,1,2
ATP6V0B,1,1,0,1,3
ATP6V0C,1,1,1,1,4
ATP6V0D1,1,0,1,1,3
ATP6V1A,1,1,1,1,4
ATP6V1B2,1,0,1,1,3
ATP6V1C1,1,0,0,1,2
ATP6V1D,1,1,0,1,3
ATP6V1E1,1,1,1,1,4
ATP6V1F,1,0,0,0,1
ATP6V1G1,1,0,0,1,2
ATP6V1H,1,0,0,1,2
ATR,1,1,0,1,3
ATRIP,1,0,0,1,2
ATXN10,1,0,0,0,1
AURKA,1,0,0,0,1
AURKAIP1,1,0,0,1,2
AURKB,1,1,1,1,4
BAK1,1,0,0,0,1
BANF1,1,1,1,0,3
BANP,1,0,0,0,1
BARD1,1,0,0,1,2
BCAS2,1,0,1,1,3
BCCIP,1,0,0,1,2
BCL2L1,1,0,0,1,2
BCLAF1,1,0,0,0,1
BDP1,1,0,0,1,2
BET1,1,0,0,0,1
BIRC5,1,1,1,1,4
BMS1,1,0,0,1,2
BNIP1,1,0,0,1,2
BOP1,1,0,0,1,2
BORA,1,0,0,1,2
BPTF,1,0,0,0,1
BRD4,1,0,0,1,2
BRD8,1,0,0,1,2
BRF1,1,0,1,1,3
BRF2,1,0,1,1,3
BRI3,1,0,0,0,1
BRIX1,1,0,1,1,3
BTF3,1,0,0,0,1
BTF3L4,1,0,0,0,1
BUB1,1,0,0,0,1
BUB1B,1,1,0,1,3
BUB3,1,1,1,1,4
BUD13,1,0,0,1,2
BUD23,1,0,0,0,1
BUD31,1,1,0,1,3
BYSL,1,1,0,1,3
C17orf49,1,0,0,0,1
C17orf58,1,0,0,0,1
C18orf21,1,0,0,1,2
C19orf53,1,0,0,0,1
C1D,1,0,0,0,1
C1QBP,1,0,0,1,2
C1orf109,1,1,0,1,3
C1orf122,1,0,0,0,1
C1orf131,1,0,0,1,2
C9orf78,1,0,0,1,2
CA5A,1,0,0,0,1
CACNB3,1,0,0,0,1
CACTIN,1,0,1,1,3
CACYBP,1,0,0,0,1
CAP1,1,0,0,0,1
CAPZB,1,0,0,0,1
CARS1,1,0,0,0,1
CBX1,1,0,0,0,1
CCAR1,1,0,0,0,1
CCDC107,1,0,0,0,1
CCDC115,1,0,0,1,2
CCDC12,1,0,0,0,1
CCDC137,1,0,0,0,1
CCDC144A,1,0,0,0,1
CCDC174,1,0,0,0,1
CCDC43,1,0,0,0,1
CCDC59,1,0,0,0,1
CCDC86,1,0,0,1,2
CCNA2,1,1,0,1,3
CCNB1,1,0,0,1,2
CCNH,1,1,0,1,3
CCNK,1,1,1,1,4
CCT2,1,1,1,1,4
CCT3,1,1,1,1,4
CCT4,1,1,0,1,3
CCT5,1,1,1,1,4
CCT6A,1,1,1,1,4
CCT7,1,1,1,1,4
CCT8,1,1,1,0,3
CD3D,1,0,0,0,1
CDAN1,1,0,0,1,2
CDC123,1,1,1,1,4
CDC16,1,1,1,1,4
CDC20,1,1,1,1,4
CDC23,1,0,1,1,3
CDC26,1,0,0,0,1
CDC27,1,1,1,0,3
CDC37,1,1,0,1,3
CDC40,1,0,0,0,1
CDC42,1,0,0,0,1
CDC42SE1,1,0,0,0,1
CDC45,1,0,1,1,3
CDC5L,1,1,1,1,4
CDC6,1,0,1,1,3
CDC7,1,0,1,0,2
CDC73,1,1,1,1,4
CDCA5,1,0,0,1,2
CDCA8,1,0,0,1,2
CDIPT,1,0,0,0,1
CDK1,1,1,1,0,3
CDK12,1,0,0,1,2
CDK2,1,0,0,1,2
CDK4,1,0,0,0,1
CDK7,1,1,0,0,2
CDK9,1,1,1,1,4
CDT1,1,1,1,1,4
CEBPZ,1,1,0,1,3
CELSR2,1,0,0,0,1
CENATAC,1,0,0,0,1
CENPA,1,1,0,1,3
CENPC,1,1,1,0,3
CENPE,1,0,0,1,2
CENPH,1,0,0,0,1
CENPI,1,0,0,1,2
CENPK,1,0,1,1,3
CENPL,1,0,0,1,2
CENPM,1,0,1,1,3
CENPN,1,0,1,1,3
CENPT,1,0,0,1,2
CENPW,1,0,1,1,3
CEP131,1,0,0,0,1
CEP192,1,0,0,1,2
CFAP20,1,0,0,0,1
CFAP298,1,0,0,0,1
CFDP1,1,0,0,1,2
CFL1,1,1,0,0,2
CHAF1A,1,1,0,1,3
CHAF1B,1,1,1,1,4
CHCHD1,1,0,0,0,1
CHCHD2,1,0,0,0,1
CHCHD3,1,0,0,0,1
CHCHD4,1,0,0,0,1
CHD4,1,0,0,1,2
CHEK1,1,1,1,1,4
CHERP,1,1,0,1,3
CHMP2A,1,1,1,1,4
CHMP3,1,0,0,1,2
CHMP4B,1,0,0,1,2
CHMP5,1,0,0,0,1
CHMP6,1,1,0,1,3
CHMP7,1,0,0,0,1
CHORDC1,1,0,0,0,1
CHTF8,1,0,0,0,1
CIAO1,1,1,0,1,3
CIAO2A,1,0,0,0,1
CIAO2B,1,0,0,0,1
CIAO3,1,0,0,0,1
CIAPIN1,1,0,0,0,1
CINP,1,1,0,1,3
CITED4,1,0,0,0,1
CKAP5,1,1,1,1,4
CKS2,1,0,0,0,1
CLASRP,1,0,0,1,2
CLK2,1,0,0,0,1
CLNS1A,1,1,0,1,3
CLP1,1,1,1,1,4
CLSPN,1,0,0,0,1
CLTC,1,1,0,1,3
CMC1,1,0,0,0,1
CMPK1,1,1,0,0,2
CMTR1,1,1,0,0,2
CNIH4,1,0,0,0,1
CNN2,1,0,0,0,1
CNOT1,1,0,0,1,2
CNOT3,1,1,0,1,3
CNOT7,1,0,0,0,1
COA5,1,1,0,1,3
COASY,1,0,0,1,2
COG1,1,0,0,0,1
COG2,1,0,0,1,2
COG3,1,0,0,1,2
COG8,1,0,0,1,2
COPA,1,1,1,1,4
COPB1,1,1,1,1,4
COPB2,1,1,1,1,4
COPE,1,0,0,1,2
COPG1,1,0,0,1,2
COPS2,1,0,1,0,2
COPS3,1,1,0,1,3
COPS4,1,0,0,1,2
COPS5,1,0,1,1,3
COPS6,1,1,0,1,3
COPS8,1,0,0,0,1
COPZ1,1,1,1,1,4
COQ2,1,0,0,1,2
COQ4,1,1,0,1,3
COX17,1,0,0,0,1
COX20,1,0,0,0,1
COX5A,1,0,0,0,1
COX5B,1,1,0,1,3
COX6A1,1,0,0,0,1
COX6B1,1,1,0,1,3
COX6C,1,0,0,0,1
COX7B,1,0,0,0,1
COX7C,1,0,0,0,1
CPAMD8,1,0,0,0,1
CPSF1,1,1,0,1,3
CPSF2,1,1,1,1,4
CPSF3,1,1,1,1,4
CPSF4,1,1,0,1,3
CPSF6,1,0,0,1,2
CRCP,1,0,0,1,2
CRCT1,1,0,0,0,1
CRKL,1,0,0,1,2
CRLS1,1,0,0,1,2
CRNKL1,1,1,1,1,4
CS,1,0,0,0,1
CSE1L,1,1,1,1,4
CSNK1A1,1,0,0,1,2
CSNK2B,1,0,0,1,2
CSTF1,1,0,0,1,2
CSTF3,1,0,1,1,3
CTCF,1,0,1,1,3
CTDNEP1,1,0,0,1,2
CTDP1,1,1,1,1,4
CTNNBL1,1,0,0,1,2
CTPS1,1,1,0,1,3
CTR9,1,1,0,1,3
CTU1,1,0,0,1,2
CTU2,1,0,0,1,2
CUL1,1,0,0,1,2
CUL2,1,0,0,1,2
CUL3,1,0,0,1,2
CWC22,1,0,1,1,3
CWC25,1,0,0,0,1
CWF19L2,1,0,0,1,2
CYCS,1,1,0,0,2
CYFIP1,1,0,0,1,2
DAD1,1,1,1,1,4
DAP3,1,0,0,1,2
DARS1,1,0,0,0,1
DBF4,1,0,0,0,1
DBR1,1,1,1,1,4
DCLRE1B,1,0,0,1,2
DCTN2,1,0,0,1,2
DCTN3,1,0,0,0,1
DCTN4,1,0,0,1,2
DCTN5,1,1,0,1,3
DCTN6,1,0,0,1,2
DDA1,1,0,0,0,1
DDB1,1,1,1,1,4
DDN,1,0,0,1,2
DDOST,1,1,0,1,3
DDX10,1,1,1,0,3
DDX11,1,0,0,0,1
DDX18,1,1,1,1,4
DDX20,1,1,0,1,3
DDX21,1,1,0,1,3
DDX23,1,0,0,1,2
DDX24,1,0,0,1,2
DDX27,1,1,0,1,3
DDX39B,1,0,0,1,2
DDX41,1,1,0,1,3
DDX42,1,0,0,1,2
DDX46,1,0,0,1,2
DDX47,1,1,1,1,4
DDX49,1,1,0,1,3
DDX5,1,0,0,1,2
DDX51,1,0,0,1,2
DDX52,1,0,0,1,2
DDX54,1,0,1,1,3
DDX55,1,1,0,1,3
DDX56,1,1,1,1,4
DDX59,1,0,0,1,2
DDX6,1,0,0,1,2
DEFB129,1,0,0,0,1
DENR,1,0,0,0,1
DEXI,1,0,0,0,1
DGCR8,1,1,0,1,3
DHDDS,1,0,1,1,3
DHFR2,1,0,0,0,1
DHPS,1,1,0,1,3
DHX15,1,1,1,1,4
DHX16,1,0,1,1,3
DHX33,1,1,0,1,3
DHX36,1,0,0,1,2
DHX37,1,1,1,1,4
DHX38,1,0,0,1,2
DHX8,1,1,1,1,4
DHX9,1,1,1,1,4
DICER1,1,0,0,1,2
DIMT1,1,1,0,1,3
DIS3,1,1,0,1,3
DKC1,1,1,0,1,3
DMAP1,1,1,0,1,3
DNAAF10,1,0,0,0,1
DNAJA1,1,0,0,1,2
DNAJA3,1,1,0,1,3
DNAJB6,1,0,0,0,1
DNAJC17,1,0,0,0,1
DNAJC8,1,0,0,0,1
DNAJC9,1,1,0,1,3
DNM1L,1,0,0,1,2
DNM2,1,1,0,1,3
DNMT1,1,1,0,1,3
DNTTIP2,1,0,0,1,2
DOHH,1,0,0,0,1
DONSON,1,1,0,1,3
DPAGT1,1,1,0,1,3
DPH3,1,0,0,0,1
DPPA3,1,0,0,0,1
DPY19L2,1,0,0,0,1
DPY30,1,0,0,0,1
DR1,1,0,0,1,2
DRAP1,1,0,0,1,2
DROSHA,1,0,0,1,2
DSN1,1,0,0,1,2
DTL,1,1,1,1,4
DTYMK,1,1,1,1,4
DUT,1,0,1,0,2
DUXA,1,0,0,0,1
DYNC1H1,1,0,1,1,3
DYNC1I2,1,1,1,0,3
DYNLL1,1,0,0,0,1
DYNLRB1,1,0,0,1,2
E2F6,1,0,0,0,1
EAPP,1,0,0,0,1
EBNA1BP2,1,0,0,1,2
ECD,1,1,1,1,4
ECT2,1,0,0,1,2
EEF1A1,1,0,1,0,2
EEF1B2,1,0,0,0,1
EEF1G,1,0,0,0,1
EEF2,1,1,1,1,4
EEF2KMT,1,0,0,0,1
EFL1,1,0,0,0,1
EFTUD2,1,1,1,1,4
EHMT2,1,0,0,0,1
EIF1,1,0,1,1,3
EIF1AD,1,0,0,1,2
EIF1AX,1,0,1,0,2
EIF2B1,1,1,0,1,3
EIF2B2,1,0,1,1,3
EIF2B3,1,1,1,1,4
EIF2B4,1,0,1,1,3
EIF2B5,1,1,1,1,4
EIF2S1,1,1,1,1,4
EIF2S2,1,1,1,0,3
EIF2S3,1,1,1,1,4
EIF3A,1,1,1,1,4
EIF3B,1,1,1,1,4
EIF3D,1,1,1,1,4
EIF3E,1,0,0,0,1
EIF3F,1,0,1,0,2
EIF3G,1,1,0,1,3
EIF3H,1,0,0,1,2
EIF3I,1,1,1,1,4
EIF3J,1,0,0,1,2
EIF3M,1,0,0,1,2
EIF4A1,1,0,0,1,2
EIF4A3,1,1,1,1,4
EIF4B,1,0,0,0,1
EIF4E,1,0,1,1,3
EIF4G1,1,0,0,1,2
EIF4G2,1,0,0,0,1
EIF5,1,0,1,1,3
EIF5A,1,1,0,0,2
EIF5AL1,1,0,0,0,1
EIF6,1,1,0,1,3
ELAC2,1,1,0,1,3
ELL,1,1,1,1,4
ELOB,1,0,0,0,1
ELOC,1,0,0,0,1
ELP1,1,0,0,0,1
ELP2,1,0,0,1,2
ELP3,1,0,0,1,2
ELP4,1,0,0,1,2
ELP5,1,0,0,1,2
ELP6,1,0,0,1,2
EMC1,1,0,0,1,2
EMC3,1,0,0,0,1
EMC7,1,0,0,0,1
ENSA,1,0,0,0,1
ENY2,1,0,0,0,1
EP400,1,0,0,0,1
EPOP,1,0,0,0,1
EPRS1,1,0,0,0,1
ERCC2,1,1,0,1,3
ERCC3,1,1,1,1,4
ERH,1,1,1,0,3
ESF1,1,0,0,1,2
ESPL1,1,0,1,1,3
ESRRA,1,0,0,0,1
ESS2,1,0,0,0,1
ETF1,1,0,0,1,2
EWSR1,1,0,0,1,2
EXOC1,1,0,0,1,2
EXOC3,1,0,0,1,2
EXOC4,1,0,0,1,2
EXOC5,1,0,0,0,1
EXOC8,1,0,0,0,1
EXOSC1,1,0,0,1,2
EXOSC10,1,0,0,1,2
EXOSC2,1,1,0,1,3
EXOSC3,1,1,1,1,4
EXOSC4,1,1,0,1,3
EXOSC5,1,0,0,1,2
EXOSC6,1,1,0,1,3
EXOSC7,1,1,1,1,4
EXOSC8,1,1,0,1,3
EXOSC9,1,0,0,1,2
FAAP20,1,0,0,0,1
FABP5,1,0,0,0,1
FAM104B,1,0,0,0,1
FAM133B,1,0,0,0,1
FAM136A,1,0,0,0,1
FAM168A,1,0,0,0,1
FAM32A,1,0,0,0,1
FAM91A1,1,0,0,0,1
FAR2,1,0,0,0,1
FARSA,1,1,1,1,4
FARSB,1,1,1,1,4
FAU,1,1,0,0,2
FBL,1,0,0,1,2
FBLIM1,1,0,0,0,1
FBXL6,1,0,0,0,1
FBXO5,1,0,1,0,2
FCF1,1,0,1,1,3
FDPS,1,0,0,0,1
FDX2,1,0,0,0,1
FDXR,1,0,0,0,1
FECH,1,0,0,0,1
FEN1,1,0,0,1,2
FIP1L1,1,0,0,1,2
FKBP1A,1,0,0,0,1
FNBP4,1,0,0,1,2
FNTA,1,1,0,0,2
FNTB,1,1,0,1,3
FOXD4,1,0,0,0,1
FPGS,1,0,0,0,1
FTSJ3,1,1,0,1,3
FXN,1,0,0,0,1
GABPA,1,1,0,0,2
GABPB1,1,0,0,0,1
GAK,1,0,0,1,2
GALP,1,0,0,0,1
GAPDH,1,1,0,0,2
GAR1,1,0,0,1,2
GARS1,1,0,0,0,1
GBF1,1,0,1,1,3
GCSH,1,0,0,0,1
GEMIN4,1,0,0,0,1
GEMIN5,1,1,0,1,3
GEMIN6,1,0,0,0,1
GEMIN7,1,0,0,0,1
GEMIN8,1,1,0,0,2
GET3,1,0,0,0,1
GFER,1,0,0,1,2
GFM1,1,1,0,1,3
GFPT1,1,0,0,0,1
GGPS1,1,1,0,1,3
GGT1,1,0,0,0,1
GGTLC2,1,0,0,0,1
GINS1,1,0,1,0,2
GINS2,1,1,1,1,4
GINS3,1,1,0,1,3
GINS4,1,1,0,1,3
GJA3,1,0,0,0,1
GLE1,1,0,0,1,2
GLRX5,1,0,0,1,2
GMPPB,1,1,0,1,3
GMPS,1,1,0,1,3
GNB1L,1,0,0,1,2
GNL2,1,0,0,1,2
GNL3,1,1,1,1,4
GNL3L,1,0,0,1,2
GON4L,1,0,0,1,2
GOSR2,1,0,0,1,2
GOT2,1,0,0,0,1
GPKOW,1,0,0,1,2
GPN1,1,0,1,1,3
GPN2,1,0,1,1,3
GPN3,1,1,0,1,3
GPR61,1,0,0,0,1
GPS1,1,1,0,1,3
GRPEL1,1,1,1,1,4
GRWD1,1,1,0,1,3
GSDMA,1,0,0,0,1
GSPT1,1,1,1,1,4
GTF2A1,1,0,0,1,2
GTF2A2,1,0,1,1,3
GTF2B,1,1,1,1,4
GTF2E1,1,0,1,1,3
GTF2E2,1,0,1,1,3
GTF2F1,1,0,0,0,1
GTF2F2,1,0,0,0,1
GTF2H1,1,1,0,0,2
GTF2H3,1,0,0,1,2
GTF2H4,1,1,0,1,3
GTF3A,1,1,0,0,2
GTF3C1,1,1,0,1,3
GTF3C2,1,1,0,1,3
GTF3C3,1,0,0,1,2
GTF3C4,1,0,0,1,2
GTF3C5,1,1,0,1,3
GTPBP4,1,1,1,1,4
GUK1,1,1,0,1,3
H1-2,1,0,0,0,1
H2AC11,1,0,0,0,1
H2AC12,1,0,0,0,1
H2AC15,1,0,0,0,1
H2AC16,1,0,0,0,1
H2AC17,1,0,0,0,1
H2AC20,1,0,0,0,1
H2AC21,1,0,0,0,1
H2AC4,1,0,0,0,1
H2AC6,1,0,0,0,1
H2AC7,1,0,0,0,1
H2AC8,1,0,0,0,1
H2AJ,1,0,0,0,1
H2AW,1,0,0,0,1
H2AX,1,0,0,0,1
H2AZ1,1,0,0,0,1
H2BC11,1,0,0,0,1
H2BC12,1,0,0,0,1
H2BC14,1,0,0,0,1
H2BC15,1,0,0,0,1
H2BC4,1,0,0,0,1
H2BC5,1,0,0,0,1
H2BC6,1,0,0,0,1
H2BC8,1,0,0,0,1
H2BC9,1,0,0,0,1
H3C11,1,0,0,0,1
H3C13,1,0,0,0,1
H3C8,1,0,0,0,1
H4C1,1,0,0,0,1
HAMP,1,0,0,0,1
HAPLN2,1,0,0,0,1
HARS1,1,0,0,0,1
HAUS1,1,1,1,1,4
HAUS2,1,0,0,0,1
HAUS3,1,0,1,1,3
HAUS4,1,0,1,1,3
HAUS5,1,1,0,1,3
HAUS6,1,0,0,0,1
HAUS7,1,0,1,1,3
HAUS8,1,0,0,1,2
HCFC1,1,1,1,1,4
HCFC1R1,1,0,0,1,2
HDAC3,1,1,0,1,3
HEATR1,1,1,1,1,4
HERC2,1,0,0,0,1
HGS,1,0,0,1,2
HIGD2A,1,0,0,0,1
HINFP,1,1,1,1,4
HIRA,1,0,0,0,1
HJURP,1,1,0,1,3
HMGA1,1,0,0,0,1
HMGB1,1,0,0,0,1
HMGB3,1,0,0,0,1
HMGCR,1,0,0,1,2
HMGCS1,1,0,0,1,2
HMGN2,1,0,0,0,1
HNRNPA1L2,1,0,0,0,1
HNRNPC,1,1,1,0,3
HNRNPH1,1,0,0,1,2
HNRNPK,1,1,1,1,4
HNRNPL,1,1,1,0,3
HNRNPM,1,0,0,1,2
HNRNPR,1,0,0,0,1
HNRNPU,1,1,0,1,3
HRK,1,0,0,0,1
HS6ST1,1,0,0,0,1
HSCB,1,0,0,1,2
HSP90B1,1,0,0,0,1
HSPA5,1,0,0,1,2
HSPA8,1,0,0,0,1
HSPA9,1,1,0,1,3
HSPD1,1,1,0,0,2
HSPE1,1,0,0,0,1
HTATSF1,1,0,0,1,2
HUWE1,1,1,0,1,3
HYOU1,1,0,0,1,2
HYPK,1,1,0,0,2
IARS1,1,0,0,0,1
IARS2,1,0,0,1,2
ICE1,1,0,0,0,1
ICE2,1,0,0,0,1
IFITM2,1,0,0,0,1
IFITM3,1,0,0,0,1
IGBP1,1,1,1,1,4
IGSF3,1,0,0,0,1
IK,1,0,0,0,1
ILF2,1,0,0,1,2
ILF3,1,1,0,1,3
IMP3,1,1,1,1,4
IMP4,1,1,0,1,3
INCENP,1,0,1,1,3
INHBE,1,0,0,0,1
INO80,1,0,0,1,2
INO80B,1,0,0,1,2
INTS1,1,1,0,1,3
INTS11,1,0,0,0,1
INTS14,1,0,0,0,1
INTS2,1,0,1,1,3
INTS3,1,1,0,1,3
INTS4,1,0,1,1,3
INTS5,1,0,0,1,2
INTS7,1,0,0,1,2
INTS8,1,1,0,1,3
INTS9,1,1,1,1,4
IPO11,1,0,0,1,2
IPO13,1,1,0,1,3
IPO7,1,0,0,1,2
IPO9,1,0,0,1,2
ISCA2,1,0,0,0,1
ISCU,1,1,1,1,4
ISG20L2,1,1,0,1,3
ISY1,1,0,0,1,2
JAZF1,1,0,0,0,1
KANSL1,1,0,0,1,2
KANSL2,1,0,1,1,3
KANSL3,1,1,0,1,3
KARS1,1,0,0,0,1
KAT5,1,0,0,0,1
KAT8,1,1,1,1,4
KCMF1,1,0,0,0,1
KDM2A,1,0,0,0,1
KDM8,1,0,0,1,2
KIAA1143,1,0,0,0,1
KIF11,1,1,1,1,4
KIF14,1,0,0,0,1
KIF18A,1,0,0,1,2
KIF20A,1,0,0,0,1
KIF23,1,1,1,1,4
KIF4A,1,0,0,0,1
KIFBP,1,0,0,0,1
KIN,1,0,1,1,3
KLC2,1,0,0,0,1
KLHL11,1,0,0,0,1
KMT5A,1,0,0,0,1
KNL1,1,0,0,0,1
KPNB1,1,1,1,1,4
KRAS,1,0,0,0,1
KRBOX5,1,0,0,0,1
KRR1,1,1,0,1,3
KRT8,1,0,0,0,1
KRTAP17-1,1,0,0,0,1
KRTAP21-1,1,0,0,0,1
KRTAP4-11,1,0,1,0,2
KRTAP4-2,1,0,0,0,1
KRTAP5-11,1,0,0,0,1
KTI12,1,0,0,1,2
LAMTOR2,1,0,0,1,2
LAMTOR3,1,0,0,0,1
LAMTOR4,1,0,0,0,1
LARS1,1,0,0,0,1
LAS1L,1,1,0,1,3
LCE2A,1,0,0,0,1
LCE3A,1,0,0,0,1
LCE5A,1,0,0,0,1
LENG8,1,0,0,1,2
LETM1,1,0,0,0,1
LIMS1,1,0,0,0,1
LIN52,1,0,0,1,2
LIN9,1,0,0,0,1
LLPH,1,0,0,0,1
LONP1,1,1,0,1,3
LRPPRC,1,0,0,1,2
LRR1,1,1,0,1,3
LRRC37A3,1,0,0,0,1
LRRC37B,1,0,0,0,1
LSG1,1,1,0,1,3
LSM10,1,0,0,0,1
LSM11,1,1,0,1,3
LSM12,1,1,0,0,2
LSM14A,1,0,0,0,1
LSM2,1,1,1,0,3
LSM3,1,0,1,0,2
LSM4,1,0,1,1,3
LSM5,1,0,1,0,2
LSM6,1,0,0,0,1
LSM7,1,1,1,1,4
LSM8,1,0,0,0,1
LST1,1,0,0,0,1
LTO1,1,0,0,0,1
LTV1,1,0,0,1,2
LUC7L3,1,1,1,1,4
LYRM4,1,0,0,1,2
MAD2L1,1,1,1,0,3
MAD2L1BP,1,0,0,0,1
MAD2L2,1,0,0,1,2
MAGOH,1,1,0,0,2
MAK16,1,1,1,1,4
MARS1,1,0,0,0,1
MARS2,1,1,0,1,3
MASTL,1,1,1,1,4
MAT2A,1,0,0,1,2
MAX,1,0,0,0,1
MCCD1,1,0,0,0,1
MCL1,1,0,0,0,1
MCM10,1,0,0,1,2
MCM2,1,0,1,1,3
MCM3,1,1,1,1,4
MCM3AP,1,1,1,1,4
MCM4,1,1,0,1,3
MCM5,1,1,1,1,4
MCM6,1,0,1,1,3
MCM7,1,1,1,1,4
MCMBP,1,0,0,1,2
MCRS1,1,0,0,0,1
MDM2,1,0,0,1,2
MDN1,1,1,1,1,4
MEAF6,1,0,0,0,1
MED1,1,0,0,1,2
MED10,1,0,0,0,1
MED11,1,1,1,1,4
MED14,1,0,0,1,2
MED17,1,0,0,1,2
MED18,1,1,0,1,3
MED20,1,0,1,1,3
MED21,1,0,0,0,1
MED22,1,0,0,0,1
MED26,1,0,0,1,2
MED27,1,1,1,1,4
MED28,1,0,1,0,2
MED29,1,0,0,0,1
MED30,1,1,1,1,4
MED31,1,0,1,0,2
MED4,1,0,1,1,3
MED6,1,0,1,1,3
MED7,1,0,0,1,2
MED8,1,0,0,0,1
MED9,1,0,0,1,2
MEPCE,1,1,1,1,4
METAP1,1,0,0,1,2
METAP2,1,0,0,1,2
METTL1,1,0,0,1,2
METTL14,1,0,0,0,1
METTL15,1,0,0,0,1
METTL16,1,1,0,1,3
METTL17,1,0,0,1,2
METTL3,1,0,0,1,2
MFAP1,1,0,1,1,3
MFN2,1,0,0,1,2
MIS12,1,0,0,0,1
MIS18A,1,0,0,1,2
MIS18BP1,1,0,0,1,2
MIX23,1,0,0,0,1
MKRN1,1,0,0,0,1
MLST8,1,0,0,1,2
MLX,1,0,0,0,1
MMS19,1,0,0,1,2
MMS22L,1,1,0,1,3
MNAT1,1,0,0,0,1
MOB4,1,0,0,0,1
MOCS3,1,0,0,1,2
MPHOSPH10,1,1,1,1,4
MRGBP,1,0,0,1,2
MRPL10,1,0,0,0,1
MRPL12,1,0,0,1,2
MRPL14,1,0,0,1,2
MRPL16,1,0,0,1,2
MRPL19,1,0,0,1,2
MRPL21,1,0,0,1,2
MRPL24,1,0,0,0,1
MRPL27,1,0,0,1,2
MRPL28,1,1,0,1,3
MRPL3,1,0,0,0,1
MRPL32,1,0,0,0,1
MRPL33,1,0,0,0,1
MRPL34,1,0,0,1,2
MRPL35,1,0,0,0,1
MRPL36,1,0,0,0,1
MRPL37,1,0,0,1,2
MRPL38,1,1,0,1,3
MRPL39,1,0,0,1,2
MRPL4,1,1,0,1,3
MRPL41,1,0,0,1,2
MRPL43,1,1,0,1,3
MRPL45,1,1,0,1,3
MRPL49,1,0,0,0,1
MRPL50,1,0,0,0,1
MRPL53,1,1,0,1,3
MRPL55,1,0,0,0,1
MRPL57,1,0,0,0,1
MRPL58,1,0,0,0,1
MRPL9,1,0,0,1,2
MRPS10,1,0,0,1,2
MRPS11,1,0,0,1,2
MRPS12,1,0,0,1,2
MRPS14,1,1,0,1,3
MRPS16,1,0,0,0,1
MRPS18A,1,0,0,1,2
MRPS18B,1,0,0,1,2
MRPS21,1,0,0,0,1
MRPS22,1,0,0,1,2
MRPS23,1,0,0,1,2
MRPS24,1,1,0,1,3
MRPS27,1,0,0,1,2
MRPS28,1,0,0,1,2
MRPS34,1,1,0,1,3
MRPS35,1,0,0,1,2
MRPS5,1,0,0,1,2
MRPS7,1,0,0,1,2
MRTO4,1,0,0,1,2
MST1,1,0,0,0,1
MSTO1,1,1,0,0,2
MT1B,1,0,0,0,1
MT1E,1,0,0,0,1
MTBP,1,0,1,0,2
MTG2,1,1,0,0,2
MTOR,1,0,0,1,2
MTPAP,1,0,0,1,2
MTREX,1,0,0,0,1
MTRF1L,1,0,0,0,1
MVD,1,0,0,1,2
MVK,1,1,0,1,3
MXRA7,1,0,0,0,1
MYBBP1A,1,1,0,1,3
MYC,1,1,0,1,3
MYO1H,1,0,0,0,1
MZT1,1,0,1,0,2
NAA10,1,1,0,1,3
NAA15,1,0,0,1,2
NAA20,1,0,0,1,2
NAA25,1,0,0,1,2
NAA35,1,0,0,1,2
NAA50,1,1,1,1,4
NACA,1,0,0,0,1
NAE1,1,0,0,1,2
NAIP,1,0,0,0,1
NAPA,1,1,1,1,4
NAPG,1,0,0,1,2
NARS1,1,0,0,0,1
NASP,1,0,0,0,1
NAT10,1,1,1,1,4
NBAS,1,0,0,1,2
NBPF3,1,0,0,0,1
NCAPD2,1,0,0,1,2
NCAPD3,1,0,0,1,2
NCAPG,1,0,1,1,3
NCAPG2,1,0,0,1,2
NCAPH,1,0,0,1,2
NCAPH2,1,0,0,1,2
NCBP1,1,1,1,1,4
NCBP2,1,1,1,1,4
NCL,1,0,0,1,2
NCOA4,1,0,0,0,1
NDC1,1,0,0,0,1
NDC80,1,1,1,1,4
NDOR1,1,0,0,1,2
NDUFA11,1,0,0,1,2
NDUFA2,1,0,0,1,2
NDUFA4,1,0,0,0,1
NDUFAB1,1,0,0,1,2
NDUFAF1,1,0,0,0,1
NDUFAF8,1,0,0,0,1
NDUFB10,1,0,0,0,1
NDUFB3,1,0,0,0,1
NDUFB4,1,0,0,0,1
NDUFB7,1,0,0,1,2
NDUFB9,1,0,0,0,1
NDUFC2,1,0,0,1,2
NDUFS5,1,0,0,0,1
NDUFS8,1,0,0,0,1
NEDD1,1,0,1,1,3
NEDD8,1,1,1,0,3
NELFA,1,0,0,1,2
NELFB,1,1,0,1,3
NELFCD,1,0,0,1,2
NELFE,1,0,0,0,1
NEPRO,1,0,0,0,1
NFE2L3,1,0,0,0,1
NFKBIE,1,0,0,0,1
NFS1,1,0,0,1,2
NFYB,1,0,0,0,1
NFYC,1,0,0,0,1
NGDN,1,0,0,1,2
NHP2,1,1,0,1,3
NIFK,1,0,1,0,2
NIP7,1,1,1,1,4
NKAP,1,1,1,1,4
NLE1,1,1,0,1,3
NMD3,1,1,1,0,3
NME2,1,0,0,0,1
NMT1,1,1,0,1,3
NOB1,1,0,0,1,2
NOC2L,1,0,0,1,2
NOC3L,1,0,0,1,2
NOC4L,1,1,0,1,3
NOL10,1,1,1,1,4
NOL11,1,1,0,0,2
NOL12,1,0,0,1,2
NOL6,1,1,0,1,3
NOL7,1,0,0,1,2
NOL8,1,0,0,1,2
NOL9,1,1,0,1,3
NOLC1,1,0,0,1,2
NOM1,1,0,0,1,2
NOP10,1,0,0,1,2
NOP14,1,0,0,1,2
NOP16,1,1,1,1,4
NOP2,1,1,0,1,3
NOP53,1,0,0,0,1
NOP56,1,1,1,1,4
NOP58,1,0,1,1,3
NOP9,1,1,0,1,3
NOPCHAP1,1,0,0,0,1
NPAT,1,0,0,1,2
NPEPPS,1,0,0,0,1
NPLOC4,1,1,1,1,4
NPM1,1,0,0,0,1
NRBP1,1,0,0,1,2
NRDE2,1,0,1,1,3
NRF1,1,0,1,1,3
NSA2,1,1,1,1,4
NSF,1,1,1,1,4
NSL1,1,0,1,1,3
NSMCE1,1,0,0,1,2
NSMCE2,1,0,0,1,2
NSMCE3,1,0,0,0,1
NSUN4,1,0,0,0,1
NUBP1,1,0,1,1,3
NUBP2,1,0,0,0,1
NUDC,1,1,0,1,3
NUDCD3,1,1,0,1,3
NUDT21,1,1,1,1,4
NUF2,1,1,1,1,4
NUFIP1,1,0,0,1,2
NUMA1,1,0,0,1,2
NUP107,1,0,0,1,2
NUP133,1,1,1,1,4
NUP153,1,0,0,1,2
NUP155,1,1,1,1,4
NUP160,1,1,1,1,4
NUP205,1,0,0,1,2
NUP214,1,1,1,1,4
NUP35,1,0,0,0,1
NUP43,1,0,0,1,2
NUP50,1,0,0,0,1
NUP54,1,0,0,0,1
NUP62,1,0,0,1,2
NUP85,1,1,0,1,3
NUP88,1,1,0,1,3
NUP93,1,1,0,1,3
NUP98,1,0,0,1,2
NUS1,1,1,1,0,3
NUTF2,1,1,1,0,3
NVL,1,1,0,1,3
NXF1,1,1,0,1,3
OGDH,1,1,0,1,3
OGT,1,1,0,1,3
OIP5,1,0,0,1,2
OPA1,1,0,0,1,2
ORC1,1,0,0,1,2
ORC3,1,0,0,1,2
ORC4,1,0,0,1,2
ORC5,1,0,0,1,2
ORC6,1,1,1,1,4
OSBP,1,0,0,1,2
OSGEP,1,1,0,1,3
OSTC,1,0,0,0,1
OTOP1,1,0,0,0,1
OXA1L,1,0,0,1,2
PA2G4,1,0,0,0,1
PABPC1,1,1,0,0,2
PABPN1,1,0,0,1,2
PAF1,1,0,0,1,2
PAFAH1B1,1,1,1,1,4
PAICS,1,1,0,0,2
PAK1IP1,1,1,0,1,3
PAM16,1,0,1,0,2
PAQR6,1,0,0,0,1
PARL,1,0,0,0,1
PARS2,1,0,0,1,2
PAXBP1,1,0,0,1,2
PC,1,0,0,0,1
PCBP1,1,0,1,1,3
PCBP2,1,0,0,0,1
PCF11,1,0,0,1,2
PCID2,1,1,1,1,4
PCNA,1,1,1,1,4
PCNP,1,0,0,0,1
PDAP1,1,0,0,0,1
PDCD11,1,0,0,1,2
PDCD2,1,0,0,0,1
PDCD5,1,0,0,1,2
PDCD7,1,0,1,1,3
PDCL3,1,0,0,0,1
PDPK1,1,0,0,1,2
PDRG1,1,0,0,1,2
PEF1,1,0,0,0,1
PELO,1,0,0,1,2
PELP1,1,0,0,1,2
PES1,1,0,1,1,3
PFDN1,1,0,0,1,2
PFDN2,1,1,1,1,4
PFDN5,1,0,0,0,1
PFDN6,1,0,0,1,2
PFN1,1,1,0,0,2
PGAM1,1,1,0,0,2
PGAM4,1,0,1,0,2
PGD,1,0,0,1,2
PGGT1B,1,1,0,1,3
PGK1,1,1,0,1,3
PGS1,1,0,0,1,2
PHAX,1,0,1,1,3
PHB,1,1,1,1,4
PHB2,1,1,1,1,4
PHF5A,1,1,0,0,2
PI4KA,1,0,0,1,2
PIGC,1,0,0,0,1
PIGH,1,0,0,0,1
PIK3C3,1,0,0,1,2
PIK3R4,1,0,0,0,1
PIN4,1,0,0,0,1
PIP5K1A,1,0,0,0,1
PISD,1,0,1,1,3
PKM,1,0,0,1,2
PKMYT1,1,1,1,1,4
PLEKHM1,1,0,0,0,1
PLK1,1,1,1,1,4
PLK4,1,0,0,1,2
PLRG1,1,1,0,1,3
PMF1,1,0,0,1,2
PMPCA,1,1,0,1,3
PMPCB,1,1,0,1,3
PNISR,1,0,0,1,2
PNKP,1,1,0,1,3
PNN,1,0,0,1,2
PNO1,1,0,0,1,2
PNPT1,1,0,0,1,2
POGZ,1,0,0,0,1
POLA1,1,0,0,1,2
POLA2,1,1,1,1,4
POLD1,1,0,1,1,3
POLD2,1,0,1,1,3
POLD3,1,0,1,1,3
POLE,1,0,1,1,3
POLE2,1,0,0,1,2
POLR1A,1,1,0,1,3
POLR1B,1,1,1,1,4
POLR1C,1,1,0,1,3
POLR1D,1,0,0,0,1
POLR1E,1,0,0,1,2
POLR1F,1,0,0,0,1
POLR1G,1,0,0,0,1
POLR1H,1,0,0,0,1
POLR2B,1,1,1,1,4
POLR2C,1,1,1,1,4
POLR2D,1,1,1,1,4
POLR2E,1,1,1,1,4
POLR2F,1,0,1,0,2
POLR2G,1,1,1,1,4
POLR2H,1,1,1,1,4
POLR2I,1,1,1,1,4
POLR2L,1,1,1,1,4
POLR3A,1,1,1,1,4
POLR3B,1,0,1,1,3
POLR3C,1,1,0,1,3
POLR3E,1,0,0,0,1
POLR3F,1,0,1,1,3
POLR3H,1,1,0,1,3
POLR3K,1,1,0,1,3
POLRMT,1,1,0,1,3
POM121C,1,0,0,0,1
POMP,1,0,0,0,1
POP1,1,1,0,1,3
POP4,1,0,0,1,2
POP5,1,1,0,1,3
POP7,1,0,0,1,2
POTEI,1,0,0,0,1
PPA1,1,1,0,0,2
PPAN,1,1,0,1,3
PPARGC1B,1,0,0,0,1
PPAT,1,1,0,0,2
PPCS,1,0,0,0,1
PPIE,1,0,0,0,1
PPIL1,1,0,0,0,1
PPIL2,1,1,1,1,4
PPIL4,1,0,0,1,2
PPP1CA,1,0,0,1,2
PPP1CB,1,0,1,0,2
PPP1R10,1,0,0,1,2
PPP1R11,1,0,0,0,1
PPP1R12A,1,0,0,0,1
PPP1R14B,1,0,0,0,1
PPP1R15B,1,0,0,1,2
PPP1R2,1,0,0,0,1
PPP1R7,1,0,0,1,2
PPP1R8,1,0,0,1,2
PPP2CA,1,1,0,1,3
PPP2R1A,1,0,0,1,2
PPP2R3C,1,0,0,0,1
PPP4C,1,1,0,1,3
PPP4R2,1,0,0,0,1
PPRC1,1,0,0,1,2
PPWD1,1,1,1,1,4
PPY,1,0,0,0,1
PRAMEF18,1,0,0,0,1
PRC1,1,0,1,1,3
PRCC,1,0,0,0,1
PRDM10,1,0,0,0,1
PRDX2,1,0,0,0,1
PREB,1,1,0,1,3
PRELID1,1,1,1,0,3
PRELID3B,1,0,0,0,1
PRIM1,1,1,0,1,3
PRKRA,1,0,0,1,2
PRKRIP1,1,0,0,1,2
PRMT1,1,1,1,1,4
PRMT5,1,1,0,1,3
PRPF18,1,0,0,1,2
PRPF19,1,1,1,1,4
PRPF3,1,0,0,1,2
PRPF31,1,1,0,1,3
PRPF38A,1,1,1,0,3
PRPF38B,1,1,1,1,4
PRPF39,1,0,0,1,2
PRPF4,1,1,1,1,4
PRPF40A,1,0,1,1,3
PRPF4B,1,0,0,1,2
PRPF6,1,0,1,1,3
PRPF8,1,1,1,1,4
PRR13,1,0,0,0,1
PRRC2A,1,0,0,0,1
PSMA1,1,1,1,1,4
PSMA2,1,1,1,1,4
PSMA3,1,1,1,1,4
PSMA4,1,1,1,1,4
PSMA5,1,1,1,1,4
PSMA6,1,1,1,0,3
PSMA7,1,1,1,1,4
PSMB1,1,1,1,1,4
PSMB2,1,1,1,1,4
PSMB3,1,1,1,1,4
PSMB4,1,1,1,1,4
PSMB5,1,0,1,1,3
PSMB6,1,0,1,1,3
PSMB7,1,1,1,1,4
PSMC1,1,0,1,0,2
PSMC2,1,1,0,1,3
PSMC3,1,1,1,1,4
PSMC4,1,0,1,1,3
PSMC5,1,1,0,1,3
PSMC6,1,1,1,1,4
PSMD1,1,1,1,1,4
PSMD11,1,1,1,1,4
PSMD12,1,1,1,1,4
PSMD13,1,1,0,1,3
PSMD14,1,1,1,1,4
PSMD2,1,0,1,1,3
PSMD3,1,1,1,1,4
PSMD4,1,1,0,1,3
PSMD6,1,0,1,1,3
PSMD7,1,0,0,1,2
PSMD8,1,0,0,1,2
PSME1,1,0,0,0,1
PSMG2,1,0,0,1,2
PSMG3,1,1,0,1,3
PSMG4,1,0,0,0,1
PTCD3,1,0,0,1,2
PTMA,1,0,0,0,1
PTMS,1,0,0,0,1
PTPA,1,0,0,0,1
PTPMT1,1,0,0,1,2
PTPN11,1,0,0,1,2
PTPN23,1,1,0,1,3
PTTG1,1,0,0,0,1
PUF60,1,1,1,1,4
PWP1,1,0,0,0,1
PWP2,1,1,1,1,4
PYM1,1,0,0,0,1
PYROXD1,1,0,0,0,1
PYURF,1,0,0,0,1
QARS1,1,0,0,0,1
RAB1A,1,0,0,0,1
RAB1B,1,0,0,0,1
RABGGTA,1,0,0,1,2
RABGGTB,1,1,1,1,4
RAC1,1,0,0,1,2
RACGAP1,1,1,1,1,4
RACK1,1,0,0,0,1
RAD1,1,0,0,0,1
RAD17,1,0,0,0,1
RAD21,1,1,0,1,3
RAD51,1,0,1,1,3
RAD51C,1,1,0,1,3
RAD51D,1,1,0,1,3
RAD9A,1,0,0,1,2
RAE1,1,1,0,1,3
RAMAC,1,0,0,0,1
RAN,1,1,1,1,4
RANBP1,1,0,0,0,1
RANBP2,1,0,0,1,2
RANGAP1,1,1,1,1,4
RAP1B,1,0,0,0,1
RARS1,1,0,0,0,1
RBBP4,1,0,0,1,2
RBBP5,1,0,0,1,2
RBBP6,1,1,1,1,4
RBBP8,1,0,0,1,2
RBM14,1,1,1,1,4
RBM17,1,1,1,1,4
RBM19,1,0,0,1,2
RBM22,1,0,0,0,1
RBM25,1,0,1,1,3
RBM28,1,0,0,1,2
RBM39,1,0,0,0,1
RBM42,1,0,0,0,1
RBM48,1,0,0,1,2
RBM8A,1,1,0,0,2
RBMX,1,1,1,1,4
RBMX2,1,0,0,0,1
RBMXL1,1,0,0,0,1
RBX1,1,1,1,0,3
RCC1,1,1,1,1,4
RCC1L,1,0,0,0,1
RCL1,1,1,0,1,3
RELA,1,0,0,0,1
REV3L,1,0,0,0,1
RFC1,1,0,0,1,2
RFC2,1,1,0,1,3
RFC3,1,0,0,1,2
RFC4,1,1,1,1,4
RFC5,1,1,1,1,4
RFT1,1,0,0,1,2
RHEB,1,1,0,0,2
RHOQ,1,0,0,0,1
RILP,1,0,0,0,1
RINT1,1,0,0,1,2
RIOK1,1,0,1,1,3
RIOK2,1,1,1,1,4
RMI1,1,0,0,0,1
RMI2,1,0,0,0,1
RNF113A,1,0,1,1,3
RNF20,1,1,0,1,3
RNF4,1,0,0,0,1
RNF40,1,0,0,1,2
RNF8,1,0,0,1,2
RNGTT,1,1,1,1,4
RNMT,1,0,0,1,2
RNPC3,1,0,0,1,2
RNPS1,1,0,1,0,2
ROMO1,1,1,0,1,3
RPA1,1,1,1,1,4
RPA2,1,1,1,1,4
RPA3,1,0,1,0,2
RPAIN,1,0,0,1,2
RPAP1,1,0,1,1,3
RPAP2,1,0,0,1,2
RPAP3,1,0,0,0,1
RPE,1,0,0,0,1
RPF1,1,0,0,1,2
RPF2,1,1,1,1,4
RPL10,1,0,0,1,2
RPL10A,1,1,1,1,4
RPL11,1,1,1,1,4
RPL12,1,1,1,1,4
RPL13,1,1,1,1,4
RPL13A,1,0,1,0,2
RPL14,1,1,1,0,3
RPL15,1,0,1,0,2
RPL18,1,1,1,1,4
RPL18A,1,1,1,0,3
RPL19,1,1,1,1,4
RPL21,1,0,1,0,2
RPL22,1,0,1,0,2
RPL23,1,1,1,0,3
RPL23A,1,0,1,1,3
RPL24,1,1,0,0,2
RPL26,1,0,1,0,2
RPL26L1,1,0,0,0,1
RPL27,1,1,1,0,3
RPL27A,1,1,1,1,4
RPL28,1,0,0,0,1
RPL3,1,1,1,1,4
RPL30,1,1,1,0,3
RPL31,1,0,1,1,3
RPL32,1,0,1,0,2
RPL35,1,1,1,0,3
RPL35A,1,1,1,0,3
RPL36,1,1,1,0,3
RPL36A,1,0,1,1,3
RPL36AL,1,0,0,0,1
RPL37,1,0,0,0,1
RPL37A,1,1,1,0,3
RPL38,1,0,1,1,3
RPL4,1,1,1,1,4
RPL5,1,0,1,0,2
RPL6,1,1,1,0,3
RPL7,1,0,1,1,3
RPL8,1,1,1,1,4
RPLP0,1,1,1,1,4
RPLP1,1,1,1,0,3
RPLP2,1,1,1,1,4
RPN1,1,0,0,1,2
RPN2,1,0,0,1,2
RPP14,1,0,0,1,2
RPP21,1,1,0,1,3
RPP30,1,0,0,1,2
RPP38,1,1,0,1,3
RPP40,1,0,0,1,2
RPS10,1,0,0,0,1
RPS11,1,1,1,1,4
RPS12,1,1,1,0,3
RPS13,1,1,1,1,4
RPS15,1,0,1,0,2
RPS15A,1,1,1,1,4
RPS16,1,1,1,0,3
RPS18,1,1,1,1,4
RPS19,1,1,1,0,3
RPS19BP1,1,0,0,1,2
RPS2,1,1,1,1,4
RPS20,1,1,1,0,3
RPS21,1,1,1,1,4
RPS23,1,1,1,0,3
RPS24,1,0,1,0,2
RPS25,1,0,0,0,1
RPS27A,1,0,1,0,2
RPS29,1,0,0,1,2
RPS3,1,1,1,0,3
RPS4X,1,1,1,1,4
RPS5,1,1,1,1,4
RPS6,1,1,1,0,3
RPS7,1,1,1,0,3
RPS8,1,1,1,0,3
RPS9,1,0,1,1,3
RPSA,1,0,1,0,2
RPTOR,1,0,0,1,2
RRM1,1,1,1,1,4
RRM2,1,0,1,1,3
RRN3,1,0,1,0,2
RRP1,1,1,0,1,3
RRP12,1,1,0,1,3
RRP15,1,0,0,1,2
RRP36,1,0,0,1,2
RRP7A,1,0,0,0,1
RRP9,1,0,0,1,2
RRS1,1,1,0,1,3
RSL1D1,1,0,1,1,3
RSPH9,1,0,0,0,1
RSRC2,1,0,0,1,2
RTCB,1,1,0,0,2
RTEL1,1,0,0,1,2
RTF1,1,0,0,1,2
RTF2,1,0,0,0,1
RTRAF,1,0,0,0,1
RUVBL1,1,0,0,1,2
RUVBL2,1,1,1,1,4
SACM1L,1,1,1,1,4
SAE1,1,1,0,1,3
SAMM50,1,1,0,1,3
SAP130,1,0,0,1,2
SAP18,1,1,1,1,4
SAP30BP,1,0,1,0,2
SARNP,1,0,0,0,1
SARS1,1,0,0,0,1
SARS2,1,1,0,1,3
SART1,1,0,0,1,2
SART3,1,1,1,1,4
SASS6,1,0,0,0,1
SBDS,1,0,0,0,1
SBNO1,1,1,0,1,3
SCARF1,1,0,0,0,1
SCD,1,0,0,1,2
SCFD1,1,0,1,1,3
SCG5,1,0,0,0,1
SCNM1,1,0,0,0,1
SCYL1,1,0,0,0,1
SDAD1,1,1,1,1,4
SDE2,1,0,1,0,2
SDHAF2,1,0,0,0,1
SDHC,1,1,0,0,2
SDHD,1,0,0,0,1
SEC13,1,1,1,1,4
SEC16A,1,0,0,1,2
SEC61A1,1,0,0,1,2
SEC61B,1,0,0,0,1
SEC61G,1,0,1,0,2
SEC63,1,0,0,1,2
SEH1L,1,1,0,1,3
SEM1,1,0,0,0,1
SENP6,1,0,0,1,2
SERBP1,1,0,0,0,1
SETD1A,1,0,0,1,2
SF1,1,1,1,1,4
SF3A1,1,0,1,1,3
SF3A2,1,1,1,1,4
SF3A3,1,1,1,1,4
SF3B1,1,1,0,1,3
SF3B2,1,1,1,1,4
SF3B3,1,1,1,1,4
SF3B4,1,0,1,1,3
SF3B5,1,1,1,1,4
SF3B6,1,0,0,0,1
SFPQ,1,0,1,1,3
SFSWAP,1,0,0,1,2
SGO1,1,0,0,0,1
SHQ1,1,0,0,1,2
SIGLEC11,1,0,0,0,1
SIN3A,1,0,0,1,2
SINHCAF,1,0,0,0,1
SKA1,1,0,0,1,2
SKA2,1,0,0,1,2
SKA3,1,0,0,1,2
SKP1,1,1,0,0,2
SKP2,1,0,0,1,2
SLBP,1,0,0,0,1
SLC25A10,1,0,0,1,2
SLC25A3,1,0,0,0,1
SLC25A38,1,0,0,0,1
SLC25A5,1,0,0,0,1
SLC35B1,1,1,0,1,3
SLC39A10,1,0,0,0,1
SLC39A7,1,0,0,1,2
SLC7A5,1,0,0,0,1
SLC7A6OS,1,0,0,1,2
SLC9B1,1,0,0,0,1
SLU7,1,1,1,1,4
SMARCA5,1,0,0,1,2
SMARCB1,1,0,0,1,2
SMARCE1,1,0,0,0,1
SMC1A,1,1,0,1,3
SMC2,1,1,0,1,3
SMC3,1,0,0,1,2
SMC4,1,1,1,1,4
SMC5,1,0,0,1,2
SMC6,1,0,0,1,2
SMG1,1,0,0,1,2
SMG5,1,0,0,1,2
SMG6,1,0,0,1,2
SMG7,1,0,0,0,1
SMIM7,1,0,0,0,1
SMNDC1,1,0,0,1,2
SMR3B,1,0,0,0,1
SMS,1,0,0,0,1
SMU1,1,1,1,0,3
SNAP23,1,0,0,0,1
SNAPC1,1,1,1,0,3
SNAPC2,1,1,0,1,3
SNAPC3,1,0,1,1,3
SNAPC4,1,1,0,1,3
SNAPC5,1,0,0,0,1
SNAPIN,1,0,0,0,1
SNF8,1,0,0,1,2
SNIP1,1,0,0,1,2
SNRNP200,1,1,1,1,4
SNRNP25,1,1,0,1,3
SNRNP27,1,1,1,0,3
SNRNP35,1,1,0,1,3
SNRNP40,1,0,0,0,1
SNRNP48,1,0,0,1,2
SNRNP70,1,1,1,1,4
SNRPA1,1,1,1,0,3
SNRPB,1,0,1,1,3
SNRPB2,1,0,0,0,1
SNRPC,1,0,0,1,2
SNRPD1,1,1,1,0,3
SNRPD2,1,1,1,1,4
SNRPD3,1,1,1,1,4
SNRPF,1,1,1,1,4
SNU13,1,0,0,0,1
SNUPN,1,0,0,1,2
SNW1,1,1,1,1,4
SOD1,1,0,0,1,2
SOD2,1,0,0,1,2
SON,1,0,0,1,2
SOWAHC,1,0,0,0,1
SPAG5,1,0,0,0,1
SPATA5,1,0,0,1,2
SPATA5L1,1,1,0,1,3
SPC24,1,1,1,1,4
SPC25,1,1,1,1,4
SPCS2,1,0,0,0,1
SPCS3,1,0,0,1,2
SPDL1,1,0,1,1,3
SPDYE1,1,0,0,0,1
SPOUT1,1,0,0,0,1
SPRR2G,1,0,0,0,1
SPRTN,1,0,0,1,2
SPRYD4,1,0,0,0,1
SPTLC1,1,0,0,0,1
SRBD1,1,1,0,1,3
SRCAP,1,0,0,1,2
SRF,1,0,0,1,2
SRFBP1,1,0,0,1,2
SRP14,1,0,0,0,1
SRP19,1,1,1,0,3
SRP54,1,0,1,1,3
SRP68,1,0,0,1,2
SRP72,1,0,0,1,2
SRP9,1,0,0,0,1
SRPRA,1,0,0,0,1
SRPRB,1,0,0,1,2
SRRM1,1,1,0,1,3
SRRT,1,1,0,1,3
SRSF1,1,1,1,1,4
SRSF10,1,0,0,0,1
SRSF11,1,0,0,1,2
SRSF2,1,1,1,1,4
SRSF3,1,1,1,0,3
SRSF6,1,0,0,0,1
SRSF7,1,1,1,1,4
SS18L2,1,1,1,1,4
SSB,1,0,0,0,1
SSBP3,1,0,0,0,1
SSRP1,1,0,1,1,3
SSU72,1,1,1,1,4
SSX5,1,0,0,0,1
ST13,1,0,0,0,1
STARD7,1,0,0,0,1
STAT5A,1,0,0,0,1
STIL,1,0,0,0,1
STRAP,1,0,0,0,1
STX18,1,0,0,1,2
STX5,1,0,0,1,2
SUDS3,1,0,0,1,2
SUGP1,1,0,0,0,1
SUGT1,1,0,0,1,2
SUMO1,1,0,0,0,1
SUMO2,1,0,0,0,1
SUPT16H,1,0,1,0,2
SUPT4H1,1,0,0,1,2
SUPT5H,1,1,0,1,3
SUPT6H,1,1,1,1,4
SUPV3L1,1,1,0,1,3
SURF6,1,0,0,1,2
SVBP,1,0,0,0,1
SYF2,1,0,0,0,1
SYMPK,1,1,1,1,4
SYS1,1,1,0,1,3
SYVN1,1,0,0,1,2
TACC3,1,0,0,1,2
TADA2A,1,0,0,0,1
TAF1,1,0,0,1,2
TAF10,1,0,0,1,2
TAF12,1,0,0,1,2
TAF13,1,0,0,1,2
TAF1A,1,0,0,1,2
TAF1B,1,1,0,1,3
TAF1C,1,0,0,1,2
TAF1D,1,0,0,0,1
TAF2,1,0,0,1,2
TAF5,1,0,0,1,2
TAF6,1,1,0,1,3
TAF7,1,0,0,0,1
TAF8,1,0,0,0,1
TAMM41,1,0,0,0,1
TANGO6,1,1,0,1,3
TARDBP,1,0,0,0,1
TARS1,1,0,0,0,1
TARS2,1,0,0,1,2
TBCA,1,0,0,1,2
TBCB,1,0,0,0,1
TBCC,1,0,0,1,2
TBCD,1,1,0,1,3
TBCE,1,0,0,1,2
TBL3,1,1,0,1,3
TBP,1,0,0,1,2
TCERG1,1,0,0,0,1
TCOF1,1,0,0,0,1
TCP1,1,1,1,1,4
TDGF1,1,0,0,0,1
TEFM,1,0,0,1,2
TELO2,1,1,0,0,2
TEN1,1,0,0,1,2
TERF1,1,0,0,0,1
TEX10,1,0,0,1,2
TFAM,1,1,0,1,3
TFB2M,1,0,0,0,1
TFDP1,1,0,0,0,1
TFIP11,1,0,1,0,2
TFRC,1,1,0,0,2
TGS1,1,0,0,0,1
THAP1,1,0,0,1,2
THAP11,1,0,0,1,2
THAP5,1,0,0,0,1
THG1L,1,0,0,1,2
THOC1,1,0,0,1,2
THOC2,1,1,1,1,4
THOC3,1,1,1,0,3
THOC5,1,1,1,1,4
THOC7,1,0,0,1,2
TICRR,1,1,1,1,4
TIGD1,1,0,0,0,1
TIMELESS,1,0,0,1,2
TIMM10,1,1,0,1,3
TIMM13,1,1,0,1,3
TIMM22,1,0,0,1,2
TIMM23,1,1,0,1,3
TIMM29,1,0,0,0,1
TIMM44,1,1,0,1,3
TIMM8A,1,0,0,0,1
TIMM9,1,0,0,0,1
TINF2,1,0,0,1,2
TIPIN,1,0,0,0,1
TLK2,1,0,0,0,1
TMA16,1,0,0,0,1
TMED10,1,0,0,1,2
TMED2,1,0,0,1,2
TMEM183A,1,0,0,0,1
TMEM199,1,0,0,1,2
TMEM258,1,1,0,1,3
TNNT2,1,0,0,0,1
TNPO3,1,1,1,1,4
TOMM20,1,0,0,0,1
TOMM22,1,1,0,0,2
TOMM40,1,1,1,1,4
TONSL,1,1,1,1,4
TOP1,1,1,1,1,4
TOP2A,1,1,1,1,4
TOP3A,1,0,1,1,3
TOPBP1,1,0,1,1,3
TOR2A,1,0,0,0,1
TOX4,1,0,0,0,1
TP53RK,1,0,0,1,2
TPI1,1,0,0,0,1
TPR,1,0,0,1,2
TPRKB,1,0,0,0,1
TPT1,1,1,0,0,2
TPX2,1,1,0,1,3
TRA2B,1,0,0,0,1
TRAIP,1,0,0,1,2
TRAPPC1,1,1,0,1,3
TRAPPC11,1,0,1,1,3
TRAPPC3,1,1,1,1,4
TRAPPC4,1,0,0,1,2
TRAPPC5,1,0,0,1,2
TRAPPC8,1,0,1,1,3
TRIAP1,1,1,0,1,3
TRMT10C,1,0,0,0,1
TRMT112,1,1,1,1,4
TRMT5,1,1,0,1,3
TRNT1,1,0,0,0,1
TRPM7,1,0,0,0,1
TRRAP,1,1,0,1,3
TSEN2,1,0,0,1,2
TSEN34,1,0,0,0,1
TSEN54,1,0,0,1,2
TSFM,1,0,0,1,2
TSG101,1,0,1,1,3
TSPYL5,1,0,0,0,1
TSR1,1,1,0,1,3
TSR2,1,0,1,1,3
TTC1,1,1,1,1,4
TTC27,1,1,1,1,4
TTC4,1,0,0,0,1
TTF1,1,0,0,1,2
TTF2,1,0,0,1,2
TTI1,1,1,0,1,3
TTI2,1,1,0,1,3
TTK,1,0,0,1,2
TUBA1B,1,0,0,0,1
TUBB,1,1,1,0,3
TUBG1,1,1,1,1,4
TUBG2,1,0,0,0,1
TUBGCP2,1,1,1,1,4
TUBGCP3,1,1,1,1,4
TUBGCP4,1,0,1,1,3
TUBGCP5,1,0,0,1,2
TUBGCP6,1,1,0,1,3
TUT1,1,1,1,1,4
TWF1,1,0,0,0,1
TXN,1,1,0,0,2
TXNL4A,1,1,1,1,4
TXNL4B,1,0,0,1,2
U2AF2,1,1,1,1,4
U2SURP,1,0,1,1,3
UBA1,1,1,1,1,4
UBA2,1,0,0,1,2
UBA3,1,0,0,1,2
UBA52,1,1,1,0,3
UBAP1,1,0,0,0,1
UBE2C,1,0,0,0,1
UBE2D3,1,0,0,0,1
UBE2I,1,0,1,1,3
UBE2L3,1,1,0,0,2
UBE2M,1,1,0,0,2
UBE2N,1,1,0,0,2
UBE2S,1,0,0,0,1
UBE2V1,1,0,0,0,1
UBL5,1,1,1,1,4
UBQLN4,1,0,0,0,1
UBR4,1,0,0,1,2
UBTF,1,1,1,1,4
UFD1,1,0,0,0,1
UPF1,1,1,1,1,4
UPF2,1,1,1,1,4
UPF3A,1,0,0,0,1
UQCC3,1,0,0,0,1
UQCRB,1,0,0,1,2
UQCRC2,1,0,0,0,1
UQCRFS1,1,1,0,1,3
UQCRQ,1,0,0,1,2
URB1,1,0,0,1,2
URB2,1,0,0,1,2
URI1,1,0,0,1,2
URM1,1,0,0,1,2
UROD,1,1,0,1,3
USP10,1,0,0,0,1
USP18,1,0,0,0,1
USP36,1,0,0,1,2
USP37,1,0,0,1,2
USP39,1,1,1,1,4
USP5,1,1,0,1,3
USP7,1,0,0,1,2
USP8,1,0,0,1,2
USPL1,1,1,1,1,4
UTP11,1,0,0,0,1
UTP14A,1,0,0,1,2
UTP15,1,1,1,1,4
UTP18,1,0,0,1,2
UTP20,1,1,1,1,4
UTP23,1,1,0,1,3
UTP25,1,0,0,0,1
UTP3,1,0,0,1,2
UTP4,1,0,0,0,1
UTP6,1,0,0,1,2
UXT,1,1,1,1,4
VARS1,1,0,0,0,1
VARS2,1,1,0,1,3
VBP1,1,0,0,0,1
VCL,1,0,0,0,1
VCP,1,1,1,1,4
VDAC1,1,0,0,0,1
VHL,1,0,0,1,2
VIRMA,1,0,0,0,1
VMP1,1,0,0,1,2
VPS13D,1,0,0,1,2
VPS16,1,0,0,0,1
VPS18,1,0,0,1,2
VPS25,1,1,1,1,4
VPS28,1,1,1,1,4
VPS29,1,0,0,0,1
VPS33A,1,0,0,0,1
VPS35,1,0,0,0,1
VPS37A,1,0,0,0,1
VPS41,1,0,0,0,1
VPS51,1,0,0,0,1
VPS54,1,0,0,1,2
VPS72,1,0,0,1,2
VTI1B,1,0,0,0,1
WARS1,1,0,0,0,1
WARS2,1,0,0,1,2
WBP1,1,0,0,0,1
WBP11,1,0,0,0,1
WDHD1,1,0,0,1,2
WDR1,1,0,0,0,1
WDR12,1,1,1,1,4
WDR18,1,0,0,1,2
WDR24,1,0,0,0,1
WDR25,1,1,0,1,3
WDR3,1,1,0,1,3
WDR33,1,1,1,1,4
WDR36,1,0,0,1,2
WDR43,1,1,1,1,4
WDR46,1,0,0,1,2
WDR5,1,0,0,1,2
WDR55,1,0,0,1,2
WDR61,1,1,0,1,3
WDR7,1,0,0,1,2
WDR70,1,1,1,1,4
WDR74,1,1,0,1,3
WDR75,1,1,1,1,4
WDR77,1,1,0,1,3
WDR82,1,0,0,1,2
WDR83,1,0,0,1,2
WEE1,1,1,1,1,4
WNK1,1,0,0,1,2
WTAP,1,0,0,0,1
XAB2,1,1,1,1,4
XPO1,1,1,0,1,3
XPO5,1,0,0,1,2
XPOT,1,0,0,0,1
XRCC3,1,0,0,1,2
XRCC5,1,0,0,1,2
XRCC6,1,1,1,0,3
XRN1,1,0,0,1,2
XRN2,1,0,0,1,2
YAE1,1,0,0,0,1
YARS1,1,0,0,0,1
YARS2,1,1,0,1,3
YBX1,1,0,1,0,2
YEATS2,1,0,0,1,2
YEATS4,1,0,0,1,2
YJU2,1,0,0,0,1
YJU2B,1,0,0,0,1
YKT6,1,0,0,1,2
YPEL1,1,0,0,0,1
YPEL5,1,0,0,0,1
YRDC,1,1,0,1,3
YTHDC1,1,0,0,1,2
YWHAE,1,0,0,0,1
YWHAZ,1,0,0,0,1
YY1,1,0,0,1,2
ZBTB11,1,0,0,1,2
ZBTB17,1,0,0,1,2
ZBTB8OS,1,1,0,0,2
ZC3H13,1,0,0,0,1
ZC3H18,1,0,0,1,2
ZC3H8,1,0,0,1,2
ZCCHC9,1,0,0,1,2
ZCRB1,1,0,0,0,1
ZMAT2,1,0,0,1,2
ZMAT5,1,1,0,1,3
ZNF131,1,1,0,1,3
ZNF207,1,0,0,1,2
ZNF273,1,0,0,0,1
ZNF335,1,0,0,0,1
ZNF407,1,0,0,1,2
ZNF492,1,0,0,0,1
ZNF574,1,1,0,1,3
ZNF593,1,0,0,0,1
ZNF658,1,0,0,0,1
ZNF830,1,0,0,1,2
ZNHIT2,1,0,0,1,2
ZNHIT3,1,0,0,0,1
ZNHIT6,1,0,0,1,2
ZNRD2,1,0,0,0,1
ZPR1,1,0,0,0,1
ZRSR2,1,0,0,0,1
AARS,0,1,0,1,2
ADSS,0,1,0,0,1
ATP5A1,0,1,0,1,2
ATP5B,0,1,0,1,2
ATP5C1,0,1,0,1,2
ATP5D,0,1,0,1,2
ATP5J2-PTCD1,0,1,0,0,1
ATP5L,0,1,0,0,1
ATP5O,0,1,0,0,1
C10orf2,0,1,0,1,2
C21orf59,0,1,1,1,3
C3orf17,0,1,0,1,2
C9orf114,0,1,1,1,3
CCDC84,0,1,0,1,2
CCDC94,0,1,1,1,3
CIRH1A,0,1,0,1,2
COX10,0,1,0,1,2
COX11,0,1,0,0,1
COX15,0,1,0,1,2
COX4I1,0,1,0,1,2
DHODH,0,1,0,1,2
DIEXF,0,1,0,1,2
DLST,0,1,0,1,2
DOLK,0,1,0,1,2
EIF3C,0,1,0,0,1
EIF5B,0,1,0,1,2
EPRS,0,1,1,1,3
FAM96B,0,1,0,1,2
FARS2,0,1,0,0,1
GART,0,1,0,1,2
GNB2L1,0,1,1,1,3
GTF2H2C,0,1,0,0,1
HARS,0,1,0,1,2
HIST1H2AJ,0,1,1,0,2
HIST2H2AA3,0,1,0,0,1
HSD17B10,0,1,0,1,2
IARS,0,1,1,1,3
KARS,0,1,1,1,3
KRI1,0,1,0,1,2
LARS,0,1,1,1,3
MARS,0,1,1,1,3
MED12,0,1,0,1,2
MRP63,0,1,0,1,2
MRPL18,0,1,0,1,2
MRPL46,0,1,0,1,2
NAA38,0,1,1,1,3
NAMPT,0,1,0,0,1
NARFL,0,1,1,1,3
NARS,0,1,1,1,3
NDUFA13,0,1,0,1,2
NHP2L1,0,1,1,1,3
NUDT4,0,1,0,0,1
ORAOV1,0,1,0,1,2
POLR2A,0,1,1,1,3
PPP2R4,0,1,0,1,2
QARS,0,1,1,1,3
RARS2,0,1,0,1,2
RFK,0,1,0,0,1
SARS,0,1,1,1,3
SLMO2,0,1,1,1,3
TARS,0,1,1,1,3
TRNAU1AP,0,1,0,1,2
TUFM,0,1,0,1,2
U2AF1,0,1,1,1,3
UQCRC1,0,1,0,1,2
VARS,0,1,1,1,3
WARS,0,1,1,1,3
WBSCR22,0,1,1,1,3
WDR92,0,1,0,1,2
YARS,0,1,1,1,3
ZNF259,0,1,0,1,2
BCL2L2-PABPN1,0,0,1,0,1
CARS,0,0,1,1,2
CBWD1,0,0,1,0,1
CDK11A,0,0,1,0,1
CPSF3L,0,0,1,1,2
DARS,0,0,1,1,2
DHFRL1,0,0,1,0,1
FAM86B1,0,0,1,0,1
GARS,0,0,1,1,2
HIST1H2AM,0,0,1,0,1
HIST1H2BB,0,0,1,0,1
HIST1H2BC,0,0,1,0,1
HIST1H2BF,0,0,1,0,1
HIST1H2BH,0,0,1,0,1
HIST1H2BL,0,0,1,0,1
HIST1H2BN,0,0,1,0,1
KRTAP5-10,0,0,1,0,1
KRTAP5-6,0,0,1,0,1
KRTAP9-4,0,0,1,0,1
LCE1A,0,0,1,0,1
LCE1E,0,0,1,0,1
LCE1F,0,0,1,0,1
NPIPA5,0,0,1,0,1
PMF1-BGLAP,0,0,1,0,1
POLR2K,0,0,1,0,1
RGPD6,0,0,1,0,1
RPL17,0,0,1,0,1
RPL34,0,0,1,0,1
RPL7L1,0,0,1,0,1
RPS14,0,0,1,0,1
RPS28,0,0,1,0,1
RSL24D1,0,0,1,0,1
RTFDC1,0,0,1,1,2
SF3B14,0,0,1,0,1
SKIV2L2,0,0,1,1,2
SNRPE,0,0,1,1,2
SNRPG,0,0,1,0,1
TCEB1,0,0,1,0,1
TRAPPC2,0,0,1,0,1
TUBA1C,0,0,1,0,1
TWISTNB,0,0,1,1,2
UBB,0,0,1,0,1
UFD1L,0,0,1,1,2
AASDHPPT,0,0,0,1,1
BRAP,0,0,0,1,1
C12orf45,0,0,0,1,1
C14orf178,0,0,0,1,1
C15orf41,0,0,0,1,1
C19orf52,0,0,0,1,1
CASC5,0,0,0,1,1
CCDC130,0,0,0,1,1
CCND1,0,0,0,1,1
CD3EAP,0,0,0,1,1
CENPC1,0,0,0,1,1
CENPP,0,0,0,1,1
DNA2,0,0,0,1,1
G6PD,0,0,0,1,1
H2AFX,0,0,0,1,1
IKBKAP,0,0,0,1,1
ILK,0,0,0,1,1
KIAA0947,0,0,0,1,1
KIAA1429,0,0,0,1,1
MRPL20,0,0,0,1,1
MRPS6,0,0,0,1,1
N6AMT1,0,0,0,1,1
NAF1,0,0,0,1,1
NCKAP1,0,0,0,1,1
NDNL2,0,0,0,1,1
NSMCE4A,0,0,0,1,1
PDE4DIP,0,0,0,1,1
POLG,0,0,0,1,1
PPP3R1,0,0,0,1,1
PSMG1,0,0,0,1,1
RARS,0,0,0,1,1
RPL9,0,0,0,1,1
RPUSD4,0,0,0,1,1
RQCD1,0,0,0,1,1
SCO2,0,0,0,1,1
TERF2,0,0,0,1,1
TKT,0,0,0,1,1
TLN1,0,0,0,1,1
TRMT6,0,0,0,1,1
TRMT61A,0,0,0,1,1
TRUB2,0,0,0,1,1
USO1,0,0,0,1,1
UTP11L,0,0,0,1,1
VPRBP,0,0,0,1,1
WBSCR16,0,0,0,1,1
ZNRD1,0,0,0,1,1
ZZZ3,0,0,0,1,1
ACTR3,0,0,0,1,1
ANKRD63,0,0,0,1,1
ASNA1,0,0,0,1,1
ATF7,0,0,0,1,1
ATP5F1,0,0,0,1,1
BAP1,0,0,0,1,1
BLM,0,0,0,1,1
BRCA1,0,0,0,1,1
BRCA2,0,0,0,1,1
BRD2,0,0,0,1,1
BTAF1,0,0,0,1,1
C11orf57,0,0,0,1,1
C12orf65,0,0,0,1,1
C14orf80,0,0,0,1,1
C16orf80,0,0,0,1,1
C8orf33,0,0,0,1,1
CCDC101,0,0,0,1,1
CCDC64B,0,0,0,1,1
CENPJ,0,0,0,1,1
CENPQ,0,0,0,1,1
CEP57,0,0,0,1,1
CEP85,0,0,0,1,1
CEP97,0,0,0,1,1
COA3,0,0,0,1,1
CSRP2BP,0,0,0,1,1
CTC1,0,0,0,1,1
DARS2,0,0,0,1,1
DCPS,0,0,0,1,1
DDX1,0,0,0,1,1
DGCR14,0,0,0,1,1
DHX35,0,0,0,1,1
DLD,0,0,0,1,1
DNLZ,0,0,0,1,1
DPH1,0,0,0,1,1
DSCC1,0,0,0,1,1
E4F1,0,0,0,1,1
EFTUD1,0,0,0,1,1
ENO1,0,0,0,1,1
ERCC1,0,0,0,1,1
ERCC6L,0,0,0,1,1
FAM210A,0,0,0,1,1
FAM50A,0,0,0,1,1
FDX1L,0,0,0,1,1
FKBPL,0,0,0,1,1
FTSJD2,0,0,0,1,1
GLI4,0,0,0,1,1
GLTSCR2,0,0,0,1,1
HARS2,0,0,0,1,1
HECTD1,0,0,0,1,1
HM13,0,0,0,1,1
HSPA14,0,0,0,1,1
HUS1,0,0,0,1,1
IBA57,0,0,0,1,1
IMMT,0,0,0,1,1
INTS6,0,0,0,1,1
ITGAV,0,0,0,1,1
KCTD10,0,0,0,1,1
KDSR,0,0,0,1,1
KIAA0100,0,0,0,1,1
KLF16,0,0,0,1,1
KNTC1,0,0,0,1,1
LARS2,0,0,0,1,1
LENG1,0,0,0,1,1
LIAS,0,0,0,1,1
LIN7C,0,0,0,1,1
MAU2,0,0,0,1,1
MED19,0,0,0,1,1
MRPL13,0,0,0,1,1
MRPL15,0,0,0,1,1
MRPL22,0,0,0,1,1
MRPL44,0,0,0,1,1
MRPL51,0,0,0,1,1
MRPS18C,0,0,0,1,1
MRPS2,0,0,0,1,1
MRPS25,0,0,0,1,1
NDUFB8,0,0,0,1,1
NDUFV1,0,0,0,1,1
NR2C2AP,0,0,0,1,1
NUPL1,0,0,0,1,1
NXT1,0,0,0,1,1
OBFC1,0,0,0,1,1
ORC2,0,0,0,1,1
PARN,0,0,0,1,1
PDCL,0,0,0,1,1
PET117,0,0,0,1,1
PGM3,0,0,0,1,1
PMVK,0,0,0,1,1
POLR3D,0,0,0,1,1
PPP1R35,0,0,0,1,1
PRKRIR,0,0,0,1,1
PSTK,0,0,0,1,1
QRSL1,0,0,0,1,1
RBM12,0,0,0,1,1
RFWD3,0,0,0,1,1
RHPN1,0,0,0,1,1
SCGB1C1,0,0,0,1,1
SELRC1,0,0,0,1,1
SEPSECS,0,0,0,1,1
SGOL1,0,0,0,1,1
SHOC2,0,0,0,1,1
SLC25A28,0,0,0,1,1
SLC30A9,0,0,0,1,1
SRPR,0,0,0,1,1
TAF6L,0,0,0,1,1
TIMM50,0,0,0,1,1
TNPO1,0,0,0,1,1
TRIM28,0,0,0,1,1
TUBD1,0,0,0,1,1
TXN2,0,0,0,1,1
TXNRD1,0,0,0,1,1
UVRAG,0,0,0,1,1
VRK1,0,0,0,1,1
WRAP53,0,0,0,1,1
WRB,0,0,0,1,1
YAE1D1,0,0,0,1,1
ZFC3H1,0,0,0,1,1
ZNF283,0,0,0,1,1
ZNF408,0,0,0,1,1
ZWILCH,0,0,0,1,1
ABHD11,0,0,0,1,1
ACACA,0,0,0,1,1
ACSL3,0,0,0,1,1
AGO2,0,0,0,1,1
AIFM1,0,0,0,1,1
ALG8,0,0,0,1,1
ANKRD49,0,0,0,1,1
ASNS,0,0,0,1,1
ATIC,0,0,0,1,1
ATP13A1,0,0,0,1,1
ATP5I,0,0,0,1,1
ATRX,0,0,0,1,1
ATXN7L3,0,0,0,1,1
BAHD1,0,0,0,1,1
BCS1L,0,0,0,1,1
BRAT1,0,0,0,1,1
C16orf72,0,0,0,1,1
C2orf49,0,0,0,1,1
CAD,0,0,0,1,1
CARS2,0,0,0,1,1
CASP16,0,0,0,1,1
CBLL1,0,0,0,1,1
CDC25A,0,0,0,1,1
CDCA3,0,0,0,1,1
CEBPE,0,0,0,1,1
CENPF,0,0,0,1,1
CENPO,0,0,0,1,1
CEP152,0,0,0,1,1
CHD1,0,0,0,1,1
CNBP,0,0,0,1,1
CNOT2,0,0,0,1,1
COG4,0,0,0,1,1
COL9A3,0,0,0,1,1
COMTD1,0,0,0,1,1
COQ5,0,0,0,1,1
CPOX,0,0,0,1,1
CRIPT,0,0,0,1,1
CT62,0,0,0,1,1
DCAF7,0,0,0,1,1
DDI2,0,0,0,1,1
DDX3X,0,0,0,1,1
DHFR,0,0,0,1,1
DIDO1,0,0,0,1,1
DMRTC2,0,0,0,1,1
DNAJC11,0,0,0,1,1
DNAJC2,0,0,0,1,1
DOT1L,0,0,0,1,1
DPH5,0,0,0,1,1
DPM1,0,0,0,1,1
DPM3,0,0,0,1,1
DTX4,0,0,0,1,1
DUSP12,0,0,0,1,1
E2F3,0,0,0,1,1
EIF3L,0,0,0,1,1
ENOPH1,0,0,0,1,1
ERCC4,0,0,0,1,1
FAM89B,0,0,0,1,1
FAM98B,0,0,0,1,1
FANCF,0,0,0,1,1
FANCI,0,0,0,1,1
GADD45GIP1,0,0,0,1,1
GCN1L1,0,0,0,1,1
GEMIN2,0,0,0,1,1
GET4,0,0,0,1,1
GFM2,0,0,0,1,1
GID8,0,0,0,1,1
GLRX3,0,0,0,1,1
GMNN,0,0,0,1,1
GPI,0,0,0,1,1
GRB2,0,0,0,1,1
GTPBP8,0,0,0,1,1
HIST1H4A,0,0,0,1,1
HNRNPA2B1,0,0,0,1,1
HOXC6,0,0,0,1,1
IDH3A,0,0,0,1,1
IER2,0,0,0,1,1
INTS10,0,0,0,1,1
ITGB5,0,0,0,1,1
JUNB,0,0,0,1,1
KAT2A,0,0,0,1,1
KATNB1,0,0,0,1,1
KEAP1,0,0,0,1,1
KIAA0020,0,0,0,1,1
KIAA1524,0,0,0,1,1
KIF2C,0,0,0,1,1
LAGE3,0,0,0,1,1
LEMD2,0,0,0,1,1
MALSU1,0,0,0,1,1
MECR,0,0,0,1,1
MGEA5,0,0,0,1,1
MIPEP,0,0,0,1,1
MORC2,0,0,0,1,1
MPHOSPH8,0,0,0,1,1
MROH6,0,0,0,1,1
MRPL11,0,0,0,1,1
MRPL17,0,0,0,1,1
MRPL40,0,0,0,1,1
MRPL47,0,0,0,1,1
MRPS15,0,0,0,1,1
MRPS26,0,0,0,1,1
MRPS30,0,0,0,1,1
MRPS9,0,0,0,1,1
MTHFD1,0,0,0,1,1
MTIF2,0,0,0,1,1
MYBL2,0,0,0,1,1
NAA30,0,0,0,1,1
NARS2,0,0,0,1,1
NDUFB5,0,0,0,1,1
NDUFB6,0,0,0,1,1
NDUFS2,0,0,0,1,1
NEMF,0,0,0,1,1
NHLRC2,0,0,0,1,1
NPM3,0,0,0,1,1
NSRP1,0,0,0,1,1
OR8I2,0,0,0,1,1
ORAI3,0,0,0,1,1
OXSM,0,0,0,1,1
PCYT1A,0,0,0,1,1
PEX16,0,0,0,1,1
PFAS,0,0,0,1,1
PGLS,0,0,0,1,1
PIGS,0,0,0,1,1
PIGV,0,0,0,1,1
POLE3,0,0,0,1,1
PPM1D,0,0,0,1,1
PPP6C,0,0,0,1,1
PRKAR1A,0,0,0,1,1
PRKDC,0,0,0,1,1
PRSS33,0,0,0,1,1
PTK2,0,0,0,1,1
QRICH1,0,0,0,1,1
RAF1,0,0,0,1,1
RBM33,0,0,0,1,1
RBM34,0,0,0,1,1
REXO2,0,0,0,1,1
RFWD2,0,0,0,1,1
RIC8A,0,0,0,1,1
RICTOR,0,0,0,1,1
RNASEH2A,0,0,0,1,1
RNASEH2B,0,0,0,1,1
RNF168,0,0,0,1,1
RPIA,0,0,0,1,1
RPL22L1,0,0,0,1,1
RPL29,0,0,0,1,1
RPP25L,0,0,0,1,1
RPS27,0,0,0,1,1
RSAD1,0,0,0,1,1
RTTN,0,0,0,1,1
SAMD4B,0,0,0,1,1
SAMHD1,0,0,0,1,1
SCO1,0,0,0,1,1
SCYL2,0,0,0,1,1
SDHA,0,0,0,1,1
6-九月,0,0,0,1,1
SHFM1,0,0,0,1,1
SLC25A26,0,0,0,1,1
SLC25A45,0,0,0,1,1
SLC51B,0,0,0,1,1
SNCB,0,0,0,1,1
SNX22,0,0,0,1,1
SOS1,0,0,0,1,1
SPTSSA,0,0,0,1,1
SSBP4,0,0,0,1,1
SSSCA1,0,0,0,1,1
STRIP1,0,0,0,1,1
STRN3,0,0,0,1,1
SURF1,0,0,0,1,1
SUV420H1,0,0,0,1,1
TAF4,0,0,0,1,1
TARBP2,0,0,0,1,1
TFB1M,0,0,0,1,1
TIGD3,0,0,0,1,1
TLCD1,0,0,0,1,1
TLDC2,0,0,0,1,1
TMEM41B,0,0,0,1,1
TOE1,0,0,0,1,1
TRAPPC13,0,0,0,1,1
TRIP13,0,0,0,1,1
TUBE1,0,0,0,1,1
UFSP1,0,0,0,1,1
UMPS,0,0,0,1,1
UNC119,0,0,0,1,1
UNC45A,0,0,0,1,1
USE1,0,0,0,1,1
VWA9,0,0,0,1,1
WDR4,0,0,0,1,1
WDR73,0,0,0,1,1
XRCC2,0,0,0,1,1
XYLT2,0,0,0,1,1
YAP1,0,0,0,1,1
YBEY,0,0,0,1,1
ZC3H3,0,0,0,1,1
ZNF622,0,0,0,1,1
ZRANB1,0,0,0,1,1
